id,name,birthday
1,Charles Paige,06/01/1963
2,Andrew Bell,29/03/1972
3,Charles Reid,14/06/2009
4,Sebastian Hudson,15/08/1991
5,Gavin Ball,20/03/1983
6,Rachel James,27/09/1977
7,Rachel Paige,13/09/1995
8,Una Parsons,22/01/2014
9,Hannah Taylor,22/05/1978
10,Una James,05/09/1981
11,Angela Watson,15/04/1994
12,Rebecca Hudson,06/09/1975
13,Isaac Allan,29/07/2006
14,Adam Hudson,07/05/1975
15,Jack Walsh,29/10/2012
16,Felicity Churchill,09/11/1983
17,Melanie Mills,12/02/2007
18,Neil Turner,18/05/2008
19,Deirdre Mathis,02/01/2010
20,Jack Poole,03/08/1997
21,Dorothy Lee,16/03/1999
22,Adrian Lawrence,24/12/1987
23,Lily Ross,02/09/1967
24,Stewart Bond,15/02/2008
25,Colin Turner,06/06/1994
26,Pippa Glover,15/08/2001
27,Ruth Ogden,23/10/2007
28,Jason Alsop,23/04/2002
29,Kevin James,15/12/1988
30,Ava Jackson,14/11/1997
31,Brandon Blake,21/12/1995
32,Christopher Ross,04/09/2015
33,Abigail Abraham,09/12/1993
34,Rachel Cameron,22/02/1999
35,Anna Hardacre,16/01/2005
36,Ruth Carr,15/02/1995
37,Jessica Miller,20/11/1999
38,Peter McDonald,18/01/1987
39,Nicola Jones,18/05/1970
40,Paul McGrath,27/06/1969
41,Diana Nolan,09/04/1973
42,Claire Langdon,15/08/2010
43,Blake Blake,16/02/1991
44,Wendy Rampling,04/05/1986
45,Audrey Butler,20/09/1979
46,Sebastian Jones,24/11/1975
47,Jane Nash,11/11/1985
48,Joshua Glover,24/01/1972
49,Stewart Ogden,27/03/1970
50,Trevor Clarkson,01/08/1979
51,Stewart Hughes,01/12/2005
52,Paul Powell,28/10/2011
53,Chloe Walsh,20/07/1965
54,John Clark,01/03/1973
55,Dorothy Cornish,06/09/1983
56,Jessica Robertson,05/07/2004
57,Elizabeth Langdon,13/05/1997
58,Luke MacLeod,22/09/1983
59,Dominic Clark,26/04/1998
60,Madeleine Roberts,03/05/2002
61,Jane Hemmings,17/04/1986
62,Edward Bell,31/05/1968
63,Lucas Scott,18/11/2015
64,Yvonne Kelly,30/01/1992
65,Harry McLean,12/11/1984
66,Colin Payne,17/02/1975
67,Amy Gill,29/06/1988
68,Donna Sharp,15/10/2007
69,Alexandra Ince,26/11/1981
70,Zoe Bailey,25/09/2007
71,Penelope Underwood,16/10/1995
72,Grace Murray,02/08/2004
73,Jennifer Arnold,31/12/1962
74,Justin Forsyth,25/12/1972
75,Richard Bell,25/09/1989
76,Amanda McGrath,25/04/2009
77,Caroline Manning,08/01/1983
78,Stephanie Coleman,25/09/1998
79,Donna Burgess,04/08/1964
80,Jason Ferguson,30/11/1997
81,Lillian Young,17/09/2000
82,Phil Ogden,07/07/1996
83,Bella Rutherford,02/07/1976
84,Julian Abraham,09/02/1998
85,Michael Young,01/03/1980
86,Dominic Coleman,08/01/2010
87,Rachel Powell,09/08/2003
88,Adam Ellison,25/08/1979
89,Austin Dowd,25/08/2001
90,Sonia Pullman,14/09/1999
91,Isaac Dowd,25/07/1997
92,Amy Slater,07/03/1996
93,David Howard,22/01/2013
94,Carol Thomson,30/01/1987
95,Carol Gibson,28/06/1985
96,Carl Alsop,29/12/1994
97,Alexandra Lambert,20/07/1961
98,Alexander Dyer,14/05/1982
99,Alan Wilson,03/04/1960
100,Austin Burgess,04/06/1979
101,Christopher Black,27/06/1980
102,Kevin Short,27/02/2009
103,Edward Wilkins,12/06/1983
104,Bella Avery,14/12/1993
105,Paul Carr,01/07/1990
106,Joshua Fisher,16/06/1969
107,Blake Forsyth,10/08/1966
108,Sally Metcalfe,05/02/2013
109,Ryan Short,05/07/2011
110,Blake Mills,21/09/1991
111,Hannah Fraser,20/07/1979
112,Jonathan Forsyth,22/07/1989
113,Hannah Piper,29/07/2015
114,Pippa Simpson,04/07/1987
115,Sebastian Cameron,27/06/1982
116,Luke Forsyth,31/08/1964
117,Tracey Dickens,23/06/1966
118,Jacob Lee,10/02/1995
119,Joshua Fraser,08/04/2008
120,Sonia Paige,23/11/2007
121,Edward Duncan,15/09/1961
122,Warren Hudson,01/02/2009
123,Bernadette Campbell,13/07/1998
124,Maria White,31/07/1995
125,Dorothy Bond,19/04/1990
126,Robert Terry,23/10/1974
127,Deirdre Greene,11/04/1986
128,Bella Rees,22/02/1977
129,Max Reid,23/10/1963
130,Sarah Cornish,16/09/1992
131,Zoe Roberts,01/11/1989
132,Brandon Rees,27/11/1976
133,David Dowd,08/02/1971
134,Lillian Taylor,25/11/1996
135,Sue King,23/11/2010
136,Hannah Bailey,05/05/1984
137,Sonia Berry,11/11/1979
138,Owen Vance,02/07/2012
139,Alan Abraham,11/06/1988
140,Bella Lewis,07/03/2009
141,Dan Morrison,17/06/2003
142,Michelle Ogden,26/01/1972
143,Diane Turner,23/11/2002
144,William Martin,08/12/2004
145,Alan Thomson,10/12/1986
146,Joe Davidson,29/09/2001
147,Amelia Poole,16/03/2015
148,Sophie Duncan,27/09/2012
149,Anna Clarkson,12/05/2004
150,Anthony Avery,31/12/2009
151,Alan Newman,11/08/1978
152,Evan Gray,15/03/1994
153,Molly Mills,26/07/1991
154,Mary Wallace,07/11/1988
155,Joanne Gill,12/02/2000
156,Charles Skinner,06/05/2005
157,Michelle Bond,25/07/1987
158,Felicity Abraham,05/10/1976
159,Dorothy Roberts,09/09/2000
160,Colin Taylor,12/06/2005
161,Abigail Mills,26/11/1985
162,Cameron Bailey,16/01/1984
163,Steven Young,23/01/1982
164,Diane Lawrence,15/10/1991
165,Isaac Jackson,10/03/1980
166,Brandon Coleman,03/07/1987
167,Victoria Coleman,06/01/1966
168,James Smith,05/06/2002
169,Jake Underwood,29/08/1981
170,Peter Quinn,30/06/1978
171,Karen Nolan,05/09/1965
172,Sebastian Abraham,07/03/1987
173,Natalie Lee,02/07/1981
174,Nathan Hamilton,29/11/1999
175,Felicity Thomson,29/08/2000
176,Diane Greene,18/08/1995
177,Donna Newman,06/08/1990
178,Justin Clarkson,28/10/1969
179,Michael Underwood,08/12/2005
180,Andrew Mitchell,15/07/2002
181,Joan Lyman,04/06/1993
182,Elizabeth Scott,25/07/1989
183,Paul Parsons,11/05/2007
184,Sally Hill,14/11/1972
185,Trevor Jones,07/02/1960
186,Jane Sutherland,18/10/2012
187,Harry Wright,28/07/1999
188,Kylie Davidson,17/12/1973
189,Nicholas White,01/02/1962
190,Sonia Dowd,05/08/2006
191,Rebecca MacDonald,13/08/1973
192,Pippa Morgan,25/01/1995
193,Phil Anderson,13/07/2012
194,Madeleine Gibson,09/12/1995
195,Owen Abraham,23/05/2014
196,Dominic Watson,22/06/2008
197,Sonia Fisher,04/11/1974
198,Ella Paterson,27/06/1971
199,Thomas Abraham,29/05/2003
200,Michelle Peake,23/12/2009
201,Dylan Rees,18/03/1981
202,Chloe Clark,01/10/1982
203,Julian Mackenzie,21/04/1990
204,Sam Springer,07/01/1996
205,Harry Alsop,19/07/1999
206,Christopher McDonald,16/08/1998
207,Boris Berry,15/04/1981
208,Matt Ross,18/09/1977
209,Phil Arnold,18/11/2013
210,Lauren Fraser,28/07/1971
211,Natalie Ball,03/04/1971
212,Anna Butler,20/06/2000
213,Dominic Rees,17/12/2015
214,Caroline Ross,19/01/1977
215,Bernadette Fisher,07/05/1982
216,Madeleine Bailey,02/02/1985
217,Richard Sanderson,29/10/2000
218,Vanessa Oliver,05/06/1970
219,Phil Morrison,02/11/2006
220,Lillian Pullman,14/10/1969
221,Kevin Hamilton,12/11/2005
222,Jack Lee,29/01/1985
223,Chloe Harris,07/09/1997
224,Austin Carr,08/08/1993
225,Nicholas Churchill,06/02/1994
226,Sarah Hart,03/04/1986
227,James Butler,12/01/1989
228,Amanda Walsh,26/02/1981
229,Robert Hart,05/10/2010
230,Charles Howard,09/04/1972
231,Fiona Robertson,28/10/1974
232,Jacob Ross,01/02/2012
233,Angela Peters,22/09/2006
234,Max Paige,10/06/1979
235,Andrea White,02/08/1997
236,Tracey Roberts,21/05/1971
237,Joanne Sharp,14/11/1991
238,Frank Hemmings,23/08/2008
239,Anthony Gibson,16/08/1990
240,Julia Davies,19/01/1978
241,Dylan Clarkson,19/02/1975
242,Blake Vance,04/11/1961
243,Blake Lyman,12/01/2012
244,Robert Mackenzie,26/08/1999
245,Nicholas McLean,25/02/2001
246,Sarah Vaughan,13/09/2009
247,Natalie Davidson,30/11/1984
248,Brandon Miller,13/06/1992
249,Victor Simpson,14/06/1992
250,Olivia Randall,11/08/1972
251,Michelle Lewis,16/01/1994
252,Boris Davies,05/06/1983
253,Karen Powell,06/10/1974
254,Brandon Roberts,03/03/1988
255,Alexandra Burgess,29/11/1998
256,Keith Poole,26/12/2000
257,John Blake,08/11/1992
258,Gabrielle Peters,18/09/1987
259,Amanda Peters,20/08/2014
260,Heather Churchill,11/10/2014
261,Julia Fraser,12/08/2001
262,Sue Dickens,02/05/1974
263,Max Hart,31/07/1986
264,Alan Hemmings,17/04/1991
265,Julian Skinner,25/11/1985
266,Nicholas Poole,21/06/1978
267,Austin Hemmings,19/10/1981
268,Simon Langdon,20/05/2000
269,Elizabeth Lewis,22/09/2004
270,Carolyn North,06/02/1960
271,Maria Henderson,22/08/2009
272,Caroline Quinn,11/08/2004
273,Julian Chapman,30/05/2003
274,Rose Nash,16/04/2005
275,Sean McDonald,21/09/1996
276,Alan Lawrence,16/09/1978
277,Warren Mackay,23/05/1999
278,Faith Davies,28/05/2005
279,Simon Hart,12/11/2015
280,Megan Dowd,22/06/2005
281,Carol Morgan,23/02/1980
282,Jane Newman,04/08/2003
283,Alison Welch,06/05/1961
284,Adrian Graham,07/09/1986
285,Olivia Russell,04/03/2007
286,Boris Black,23/01/2004
287,Neil Peake,06/10/2013
288,Joshua Mathis,04/11/1987
289,Sue Thomson,29/04/2015
290,Ryan Smith,29/12/1992
291,Jane Brown,01/12/1975
292,Carolyn Grant,18/10/1982
293,Carol Murray,07/09/1986
294,Jessica Chapman,14/06/1995
295,Emily Marshall,02/09/2011
296,Ryan Miller,08/01/1973
297,Isaac Fraser,31/05/1992
298,Victor Russell,31/05/2003
299,Katherine Young,15/07/2000
300,Maria Nolan,26/11/1963
301,Wendy Morgan,05/04/1984
302,Sonia Kelly,14/07/1960
303,Ella Carr,03/06/1971
304,Alison Ogden,06/11/1981
305,Diana Berry,28/04/2010
306,Caroline Simpson,12/10/1984
307,Una Morrison,14/10/2005
308,Liam Powell,11/11/1997
309,Evan Coleman,11/04/1981
310,Rose McDonald,04/05/1967
311,Brandon Martin,13/11/2010
312,Lauren Butler,08/01/1999
313,Blake Dowd,19/07/1985
314,Lucas Reid,09/04/1986
315,Robert Howard,13/04/1991
316,Anna Pullman,10/02/1972
317,Jacob Buckland,25/05/1990
318,James Hart,14/06/1974
319,Nicola Vance,17/11/1989
320,Evan Slater,25/04/1976
321,Keith Paterson,24/12/1969
322,Ruth Fisher,12/04/1997
323,Luke North,28/11/1996
324,Dorothy Brown,10/01/1999
325,William Abraham,05/10/1967
326,Andrew Cornish,02/08/1968
327,Piers Dickens,24/02/2012
328,Carol Powell,07/11/1986
329,Grace Berry,13/02/1968
330,Adam Henderson,22/01/1979
331,Hannah Forsyth,22/08/2007
332,Adam Avery,24/06/1993
333,Pippa Roberts,31/03/1999
334,Harry Paige,19/08/1962
335,Joseph Mackay,25/10/1998
336,Gordon Chapman,04/08/1989
337,Austin Alsop,17/06/2011
338,Sue Arnold,15/03/2014
339,Diane Wright,16/09/2005
340,Isaac Abraham,18/05/1983
341,William Berry,12/06/1977
342,Luke Hughes,26/11/1991
343,Kylie Peters,26/02/1960
344,Owen MacLeod,19/01/1996
345,Madeleine Edmunds,03/09/2009
346,Andrea Skinner,03/03/1964
347,Megan Dyer,28/08/1992
348,Colin Slater,19/10/1971
349,Hannah Ellison,13/12/1965
350,Theresa Manning,15/01/2002
351,Lisa Grant,18/03/1998
352,Una Gibson,26/09/1991
353,Sebastian Taylor,25/09/1962
354,Megan Mitchell,23/07/1991
355,Isaac Lawrence,19/01/1992
356,Trevor Dyer,12/01/1975
357,Dominic Quinn,08/11/2014
358,Andrew McDonald,21/03/2003
359,Donna Hunter,22/01/1997
360,Stephen Clarkson,13/09/2011
361,Julia Jones,20/06/1988
362,Sam Newman,18/06/1963
363,Adam Skinner,30/03/1999
364,Heather Springer,03/02/1986
365,David Underwood,09/04/2001
366,Justin Robertson,08/08/1997
367,Matt May,01/06/1972
368,Sean Short,04/06/1972
369,Hannah Lyman,26/06/1986
370,Christian Short,20/01/2006
371,David Edmunds,21/05/2007
372,Thomas Lawrence,07/11/1985
373,Richard Lee,23/12/1981
374,Sean Peake,12/07/1999
375,Brandon Graham,05/03/2014
376,Sue Oliver,26/08/2005
377,Kimberly Hunter,04/07/1985
378,Colin May,20/02/1989
379,Chloe Taylor,30/01/1994
380,Kylie Nolan,23/10/1965
381,Lily Oliver,30/04/2001
382,Piers Rampling,06/05/1996
383,Olivia Mitchell,16/02/2015
384,Melanie North,11/12/1981
385,Ella McLean,01/04/1964
386,Mary Mathis,25/05/1963
387,Amy Dowd,08/04/2015
388,Liam Howard,11/05/2015
389,Benjamin Henderson,06/04/1972
390,Sean Mills,02/10/1985
391,Jonathan Davies,10/02/1980
392,Ryan Sanderson,20/12/2013
393,Deirdre Young,20/07/1988
394,Yvonne Hardacre,24/12/1983
395,Joseph Nash,01/08/2007
396,Joshua Hodges,11/12/1988
397,Julian Glover,02/11/1979
398,Victoria Rees,25/12/2012
399,Carol Hodges,21/12/1982
400,Liam Dyer,25/03/1971
401,Madeleine Blake,27/11/2014
402,Virginia Lawrence,10/10/1973
403,Victoria Lyman,24/05/1977
404,Richard Watson,02/07/1988
405,Ava Turner,03/03/1968
406,Thomas Sanderson,25/06/1995
407,Mary Watson,16/02/1975
408,Anne Hodges,15/03/2010
409,Jan Payne,30/01/2015
410,Trevor Howard,24/05/1993
411,Nicholas Mackenzie,09/12/1965
412,Joanne Morrison,05/08/1991
413,Jack Springer,19/07/1978
414,Brian Robertson,30/09/1967
415,Luke Tucker,04/05/1966
416,Rachel Miller,19/04/2001
417,Molly Nash,05/11/1989
418,Madeleine Newman,04/10/1999
419,Owen Edmunds,03/11/1973
420,Rachel Langdon,26/03/1996
421,Sean Mackay,04/07/1967
422,Simon Randall,20/09/1980
423,Boris Peters,20/10/2015
424,Richard Nolan,02/10/1973
425,Brandon Churchill,26/06/1974
426,Donna Oliver,18/11/1996
427,Victoria MacDonald,08/01/1995
428,Emma Reid,25/04/1998
429,Elizabeth Hunter,24/10/2002
430,Sonia Hamilton,03/01/1994
431,Ryan Watson,13/08/1991
432,Samantha Clark,24/01/2007
433,Lisa Lyman,19/01/2014
434,Isaac Buckland,16/06/2008
435,Owen Allan,25/09/2009
436,Zoe Jackson,26/06/1985
437,Jacob Rees,11/04/2000
438,Penelope Black,06/02/2000
439,Phil Short,03/06/1974
440,Claire Davidson,04/01/1985
441,Lisa Gray,10/02/1971
442,Donna James,04/11/1998
443,Kevin Roberts,28/02/2011
444,Cameron Kelly,09/09/1992
445,Jane Blake,10/07/1972
446,Justin Hart,29/09/1992
447,Mary Coleman,28/11/1984
448,Claire Churchill,05/07/2011
449,Diane Vance,27/03/1971
450,Matt Walsh,24/06/1994
451,Joseph Powell,01/07/1996
452,Joseph Randall,30/05/1992
453,Nathan North,21/06/2003
454,Wendy Hemmings,27/03/1980
455,Sarah Blake,23/01/2001
456,Emily Rees,29/11/1971
457,Austin Clarkson,24/02/1961
458,Michelle Hardacre,31/05/2000
459,Sean Hughes,24/12/1990
460,Austin Knox,09/11/1992
461,Christopher Nolan,06/11/1975
462,Pippa Marshall,27/05/1986
463,Jennifer Piper,10/07/1976
464,Kimberly Randall,14/12/2011
465,Jan Kelly,18/10/1960
466,Cameron Paterson,29/10/1998
467,Carolyn Morrison,17/01/2006
468,Carolyn Clark,21/09/2000
469,Vanessa Ogden,09/10/2002
470,Jason Forsyth,13/12/2009
471,Lisa Ross,09/06/1962
472,Fiona Bell,17/01/1996
473,Sebastian White,02/07/1967
474,Cameron Ball,06/06/2001
475,Charles North,07/06/1981
476,Jacob Cameron,31/03/1978
477,Cameron Scott,23/02/1997
478,Diane Poole,21/10/1993
479,Justin Dickens,12/03/1973
480,Kylie Langdon,04/10/1972
481,Frank Ince,17/04/1989
482,Anthony Knox,11/04/1960
483,Zoe Fraser,23/09/1998
484,Justin Walker,16/07/1973
485,Michelle Arnold,26/01/2009
486,Edward Allan,10/04/1971
487,Carol Simpson,20/10/1973
488,Audrey Ross,16/04/2003
489,Joshua Ogden,04/06/1960
490,Dominic Vance,11/02/2013
491,Andrea Scott,04/01/2012
492,Carl Marshall,14/10/1969
493,Tim Ogden,05/09/1997
494,Julian Young,30/05/2001
495,Frank Thomson,19/01/1974
496,Madeleine Alsop,15/12/1973
497,Joanne Terry,07/09/2005
498,Lisa Anderson,22/03/2012
499,Lucas Quinn,16/08/1974
500,Christian Russell,24/05/2001
501,Joe Young,20/12/1976
502,Andrea Rutherford,24/05/1992
503,James James,26/09/1965
504,Natalie Rees,31/03/1973
505,Charles Wallace,16/11/1978
506,Sonia Harris,17/02/2003
507,Boris Bailey,24/12/1995
508,Hannah White,12/01/1974
509,Kimberly Sharp,12/08/1979
510,Oliver Hardacre,09/07/1995
511,Wanda Rampling,30/09/2001
512,Liam Robertson,01/03/2001
513,Wanda Sutherland,03/06/1970
514,Christian Walker,12/02/2009
515,Charles Langdon,21/03/2004
516,Sonia Roberts,05/02/1991
517,Oliver Cameron,02/03/1993
518,Angela Coleman,18/07/1981
519,Jessica Wallace,20/02/1988
520,Jasmine Bell,30/07/1992
521,Tim Avery,31/12/2011
522,Natalie Rutherford,01/08/1993
523,William Peake,06/08/1993
524,Connor Mitchell,18/09/1981
525,Thomas Martin,26/01/1977
526,Trevor Wilson,25/05/1998
527,Grace Gill,03/12/1996
528,Lily Edmunds,31/01/2013
529,Trevor Burgess,05/01/2016
530,Jessica Greene,07/07/2001
531,Richard Hart,15/05/2007
532,Blake Bower,06/09/1984
533,Audrey Newman,21/08/1971
534,Molly Cameron,03/04/2008
535,Melanie Lawrence,28/11/1961
536,Alexandra Black,16/11/1965
537,Luke Paterson,24/03/1984
538,Dominic Gray,25/09/2006
539,Keith Randall,05/01/2009
540,Liam Langdon,26/05/1983
541,Colin Kelly,26/10/1986
542,Lillian Mills,22/10/2012
543,Jessica Davidson,04/07/1982
544,Diana Forsyth,08/09/1980
545,Brandon Lambert,08/05/2013
546,Benjamin Tucker,25/01/1977
547,Gabrielle Abraham,24/02/1994
548,Deirdre Newman,12/11/1974
549,Donna Marshall,17/04/1991
550,Boris Roberts,28/02/1964
551,Andrew Short,01/08/2000
552,Carol Davies,28/06/1998
553,Emma Scott,16/05/1974
554,Lucas Springer,11/03/2001
555,Edward Greene,06/11/1967
556,Emily Anderson,01/11/1990
557,Brian Jones,09/08/1973
558,Julian Churchill,25/04/1993
559,Pippa Russell,18/08/2013
560,Warren Lawrence,26/07/2010
561,Fiona Dowd,26/09/2014
562,Felicity Mackay,22/09/2000
563,Deirdre Edmunds,05/07/1983
564,Dominic Harris,04/10/2012
565,Bernadette Skinner,28/04/1994
566,Piers Gill,10/08/2007
567,Claire Hodges,25/10/1999
568,Trevor Churchill,24/09/1984
569,Jonathan Baker,01/05/1973
570,Ava Walsh,22/08/1999
571,Theresa Taylor,11/04/1993
572,Deirdre Gibson,11/12/1989
573,Michael King,20/09/2002
574,Grace Brown,05/01/1997
575,Oliver Ellison,18/04/1979
576,Charles Ellison,03/02/2007
577,Abigail Walsh,25/07/1963
578,Olivia Lewis,04/07/1994
579,Caroline Ogden,09/04/1982
580,Connor Gray,20/11/1984
581,Irene Anderson,01/06/1980
582,Rose Hudson,22/02/2006
583,Joshua Kerr,14/08/1973
584,Jake Bond,13/03/1976
585,Sebastian Dyer,16/08/1990
586,Kimberly Vance,08/10/1961
587,Eric Lambert,04/08/1997
588,Chloe Buckland,24/12/1984
589,Justin Berry,10/09/1971
590,Andrea Ellison,05/04/1993
591,Eric Dickens,12/07/1978
592,Amy Lyman,12/01/2013
593,Harry Campbell,15/10/2004
594,Jake Ross,21/03/1992
595,Lauren Ball,01/03/1994
596,Molly Young,01/02/2009
597,Molly McDonald,26/04/2007
598,Sean Wilkins,16/04/1997
599,Owen Simpson,01/09/1964
600,David Dickens,13/11/2003
601,Connor Newman,22/05/2005
602,Audrey Anderson,17/08/2009
603,Ruth Nash,15/05/1972
604,Trevor Bailey,12/06/2008
605,Jacob Russell,17/06/2006
606,Dylan Ball,16/08/1984
607,Robert Sanderson,19/01/2010
608,Penelope MacDonald,05/12/2009
609,Sam Quinn,31/12/2004
610,Leah Langdon,23/10/1990
611,Andrea Hemmings,19/09/1997
612,Jasmine Mitchell,17/12/1980
613,Tracey Thomson,23/04/2014
614,Lily Mathis,23/05/2005
615,Jessica Hardacre,29/03/1977
616,Austin Parr,24/03/2002
617,Theresa Baker,01/12/1995
618,Michael Hardacre,30/12/1977
619,Rose Gill,30/08/1997
620,Eric Campbell,10/10/1967
621,Nathan Nolan,28/07/1999
622,Rose Robertson,17/09/1965
623,Joshua Manning,05/01/1975
624,David Springer,29/06/1983
625,Natalie Chapman,11/08/1999
626,Lauren MacDonald,27/05/1994
627,Wendy Payne,04/12/2006
628,Felicity Blake,29/04/2013
629,Evan Springer,10/11/1979
630,Dominic Oliver,07/03/1993
631,Tracey Rampling,21/03/1974
632,Lisa Gill,16/09/1963
633,Boris Welch,26/03/1986
634,Matt Young,18/12/1970
635,Eric Fisher,20/08/1962
636,Leonard Rampling,10/07/2000
637,Joe Bell,02/06/2006
638,Anna Henderson,04/12/2005
639,Audrey Russell,10/01/1997
640,James Fisher,09/04/2003
641,Trevor Peake,05/04/2011
642,Adam Tucker,26/08/1996
643,Christian North,12/05/1979
644,John Short,29/12/1996
645,Robert Davidson,12/06/1981
646,Dominic Parsons,25/11/1983
647,Kimberly Piper,13/03/1971
648,Nicholas Welch,06/01/1993
649,Yvonne Morrison,02/07/1982
650,Austin Fisher,14/11/1991
651,Robert Paige,05/04/1978
652,Samantha Tucker,05/07/1967
653,Benjamin Chapman,23/11/1994
654,Zoe Rampling,03/04/1975
655,Alexander Hughes,09/06/1972
656,Fiona Fraser,19/11/1977
657,Sue Newman,17/02/2014
658,Colin Black,30/04/1960
659,Liam North,15/10/2002
660,Bernadette Vaughan,10/10/1978
661,Pippa Gray,21/06/1987
662,Caroline James,11/11/1989
663,Jonathan Alsop,05/01/2005
664,Wendy Burgess,05/04/1979
665,Natalie Turner,12/02/1981
666,Dominic Walker,13/02/1977
667,Rose Arnold,11/04/2000
668,Jane Reid,18/06/2014
669,Gabrielle Welch,15/02/2010
670,Virginia Sanderson,27/10/2009
671,Faith Newman,21/05/1999
672,Claire Carr,17/05/2012
673,Irene Grant,08/10/2001
674,Adam James,11/05/1970
675,Sally Sharp,13/11/1978
676,Irene Parsons,29/10/1980
677,Brian Sutherland,25/09/2005
678,Blake Short,15/10/2009
679,Thomas Mitchell,04/05/1995
680,Ella Brown,04/02/2013
681,Fiona Simpson,26/02/2006
682,Matt Miller,04/02/1996
683,Vanessa Buckland,11/03/1977
684,Cameron Russell,10/01/1988
685,Jake Roberts,20/03/1965
686,Molly Newman,06/06/1980
687,Diane Brown,24/01/1986
688,Katherine Hunter,19/04/1980
689,Paul Graham,25/02/1995
690,Ian McLean,04/03/1980
691,Lucas McDonald,17/07/1996
692,Kevin North,05/09/1978
693,Diana Sharp,17/10/1978
694,Jack Carr,08/06/2005
695,Colin Oliver,08/11/2006
696,Richard Mathis,08/02/1990
697,Diana Nash,08/12/2011
698,Sophie Wilkins,02/05/2007
699,Charles Underwood,21/04/1997
700,Thomas Oliver,31/05/1983
701,Melanie Campbell,09/03/2005
702,Christopher May,01/04/2004
703,Faith Murray,27/11/1998
704,Angela Rampling,11/08/1996
705,Faith Lewis,29/07/1981
706,Melanie King,03/12/1999
707,Brian MacDonald,15/02/2003
708,Diane Nolan,10/06/2006
709,Karen Gray,19/10/1976
710,Neil Scott,12/03/1976
711,Amelia Ogden,12/03/2014
712,Tracey Hamilton,29/01/2009
713,Stewart Rampling,18/09/1977
714,Sam Cameron,26/02/2003
715,Sally Piper,15/07/1998
716,Tim Graham,20/05/1995
717,Nathan Skinner,27/08/2003
718,Nicola Churchill,11/09/1986
719,Gabrielle Fraser,02/09/2001
720,Sue Dowd,06/10/2007
721,Samantha Wilkins,26/12/1991
722,Harry Davies,28/11/1981
723,Owen Manning,16/07/1989
724,Deirdre Piper,07/07/2001
725,Owen Quinn,01/03/2014
726,Sally McLean,19/08/2012
727,Dylan Gill,26/04/1965
728,Chloe Martin,11/04/1976
729,Faith Walsh,29/03/1990
730,Abigail Martin,05/09/1973
731,Stephen Anderson,24/10/1992
732,Victoria Mackay,19/06/2008
733,Edward Skinner,01/03/1985
734,Fiona Sharp,15/02/2004
735,Alan Watson,20/11/1988
736,Boris Scott,29/03/1997
737,Colin Butler,28/03/1980
738,Phil King,25/03/1995
739,Caroline Harris,02/03/2013
740,Sally Payne,05/06/2002
741,Fiona Glover,29/12/2014
742,Joan Sharp,13/10/1997
743,Kevin Scott,06/08/1987
744,Carolyn Piper,04/12/2005
745,Blake Black,14/09/1975
746,Justin Bell,24/01/1978
747,Sebastian Fisher,06/01/2008
748,Natalie Baker,10/09/1983
749,Amelia Dickens,09/09/2000
750,Jessica Short,27/01/1987
751,Natalie Lawrence,03/05/1983
752,Joshua Walsh,30/05/2003
753,Carolyn Ellison,25/01/1965
754,Mary Lambert,07/12/2003
755,Lily Hudson,09/01/1996
756,Irene Lawrence,01/01/2007
757,Isaac Reid,12/07/1961
758,James Grant,17/10/2002
759,Joan Gibson,11/01/1988
760,Sophie Ball,13/09/1976
761,Gavin Gibson,08/10/2005
762,Andrew Paige,09/11/1969
763,Irene Payne,27/10/1965
764,Emily Randall,02/12/1962
765,Lucas Jones,22/12/1992
766,Leah Welch,22/04/1982
767,Gordon Baker,06/03/1985
768,Fiona Wilkins,28/08/1991
769,Vanessa Rampling,05/07/1968
770,Amanda Reid,31/08/2000
771,Diane Quinn,25/01/2007
772,Jennifer Coleman,29/08/1980
773,Felicity Oliver,03/10/1998
774,Kylie Slater,24/02/1976
775,Joanne Allan,08/12/1993
776,Joan Poole,06/07/2007
777,Sarah Rampling,01/12/1989
778,Carolyn Wilkins,29/04/1985
779,Piers Peake,11/06/2007
780,Boris Allan,16/12/1964
781,Chloe Gray,13/12/1975
782,Jake Scott,29/09/2013
783,Gordon Ross,11/05/1999
784,Donna Rampling,31/01/1980
785,Blake Young,02/06/1977
786,Karen Rees,30/11/2014
787,Molly Davidson,06/04/1982
788,Jason Hudson,18/03/1992
789,Eric Russell,15/12/1998
790,Angela Black,12/12/1990
791,Dominic Ross,27/08/2003
792,Ruth Stewart,06/08/1996
793,Carl Churchill,07/10/1974
794,Charles Dyer,24/12/2007
795,Piers Reid,07/04/1997
796,Sonia Ogden,09/04/1988
797,Fiona Jones,09/03/2012
798,Harry Mackay,10/01/1972
799,Jake Buckland,10/09/1983
800,Andrea Tucker,22/06/2007
801,Rose Mackay,24/02/2014
802,Caroline Sutherland,29/10/1985
803,Kylie Kerr,21/09/1980
804,Faith Wilson,04/03/1975
805,Victor Rutherford,11/08/1998
806,Rebecca Brown,01/10/1994
807,Jake Bailey,28/06/2009
808,Madeleine Davies,11/09/1990
809,Isaac Howard,19/02/1993
810,Sophie Brown,12/11/2000
811,Justin Coleman,01/01/2004
812,Christian Roberts,22/08/1963
813,Fiona Hodges,25/03/1995
814,Sophie Manning,13/04/1979
815,Phil Morgan,27/11/1964
816,Sam Brown,27/11/1978
817,Sally Parsons,07/08/1980
818,Gordon Parsons,08/05/2006
819,Andrea Jackson,08/03/1984
820,Irene Dickens,09/12/2008
821,Nicola Taylor,07/11/1987
822,Pippa McDonald,17/12/1971
823,Evan Abraham,27/06/1986
824,Maria Lewis,04/01/2012
825,Joanne James,01/11/1990
826,Caroline Gill,02/12/1989
827,Jennifer Lewis,12/08/1985
828,Cameron Piper,22/07/1974
829,Paul Walsh,14/10/1984
830,Michael Newman,12/05/1998
831,Ryan Carr,12/08/1988
832,Sonia Ellison,04/01/1999
833,Dan Carr,12/03/1996
834,Lucas White,28/09/1991
835,Peter Fisher,22/07/1961
836,Eric Mackay,03/04/1989
837,Carolyn Lewis,12/09/2012
838,Isaac Greene,04/01/2004
839,James Carr,04/10/1982
840,Rachel Rees,12/05/2006
841,Mary Manning,30/11/1976
842,Faith Peake,25/04/1971
843,Boris Lee,20/09/1978
844,Victor Ball,01/08/2005
845,Edward Fisher,20/02/2009
846,Robert Scott,18/09/2012
847,Jessica Fraser,31/01/1963
848,Rose Lyman,20/05/2002
849,Robert Buckland,23/11/1973
850,Heather Rutherford,10/12/1990
851,Leonard Edmunds,17/07/1967
852,Emma Lambert,02/03/2013
853,Joe Alsop,09/10/2008
854,Christian Brown,19/03/1987
855,Ella Vaughan,30/09/1991
856,Connor Howard,28/02/1975
857,Julian Lambert,23/07/1961
858,Chloe Reid,09/02/2005
859,Matt Edmunds,06/11/1991
860,Leonard Hodges,06/03/1999
861,Eric Poole,08/06/1980
862,Zoe Vance,25/09/1990
863,Charles Cornish,12/12/1978
864,Pippa Robertson,07/10/1960
865,Joseph Watson,25/10/2011
866,Karen McDonald,13/09/1995
867,Jasmine Coleman,10/02/1986
868,Eric Metcalfe,31/01/1999
869,Jake Lawrence,15/02/1987
870,Bella Martin,22/08/1989
871,Lucas Howard,15/07/1960
872,Edward Thomson,10/05/1994
873,Dan Gibson,01/08/1978
874,Tim Sharp,01/05/1994
875,Keith Howard,13/01/1973
876,Justin Vance,27/01/1994
877,Luke Smith,23/03/2000
878,Dominic Vaughan,17/09/1986
879,Anthony Churchill,03/03/1998
880,Jan Arnold,04/05/1992
881,Mary Gibson,07/08/2002
882,Joshua Peters,24/12/1990
883,Dylan Edmunds,30/12/2009
884,Molly Bower,12/01/2002
885,Robert Ince,08/06/2003
886,Christopher Grant,29/11/1987
887,Karen Ball,29/01/2007
888,Penelope Carr,11/06/1991
889,John Mackenzie,26/06/1986
890,Donna Hudson,14/02/1981
891,Carolyn Mackay,01/09/1972
892,Andrea King,05/12/1993
893,Maria Campbell,25/03/2006
894,Theresa Knox,24/12/1968
895,Felicity Taylor,28/08/2009
896,Phil Tucker,08/09/2011
897,Karen Pullman,02/06/2007
898,Una Ross,27/04/2006
899,Carolyn Alsop,26/11/1973
900,Claire Lambert,29/01/2006
901,Justin Thomson,08/01/2012
902,Jacob Abraham,23/03/1979
903,Warren Russell,03/02/1970
904,Anna Duncan,15/07/1991
905,Jasmine Vance,15/03/1992
906,William Arnold,26/11/2002
907,Victor Baker,24/05/1984
908,Sally Allan,01/12/1981
909,Blake Hardacre,22/05/1984
910,Michael Buckland,19/01/1972
911,Maria Lambert,29/12/2010
912,Audrey Marshall,30/09/1961
913,Warren Wilson,23/05/1965
914,Lily Gray,02/04/2007
915,Jonathan Berry,21/09/2002
916,Una Henderson,28/04/2004
917,Gordon Powell,04/07/1988
918,Zoe Black,11/10/1974
919,Leonard Walker,15/10/1987
920,William Skinner,24/07/1986
921,Abigail Stewart,19/07/1997
922,Liam Harris,23/06/1992
923,Christopher Paterson,18/11/2010
924,Joshua Gibson,26/07/1980
925,Sonia Oliver,04/01/2005
926,Dorothy Wallace,26/07/1998
927,Stephanie Mathis,12/01/1970
928,Ruth Mackenzie,08/01/1978
929,Karen Knox,27/10/2012
930,Phil Buckland,11/10/1994
931,Faith North,27/11/1973
932,Diana Blake,06/10/2011
933,Audrey Brown,05/12/1974
934,Anna Abraham,15/02/1987
935,Amy Metcalfe,11/12/1995
936,Rachel Greene,11/03/1968
937,Carl Parr,22/12/2014
938,Rebecca Metcalfe,19/10/1980
939,Peter Clark,24/01/1969
940,Elizabeth Stewart,09/11/1978
941,Samantha Hemmings,21/04/2014
942,Madeleine Peters,30/05/1981
943,Dan MacLeod,06/07/1977
944,Kimberly MacDonald,14/06/1977
945,Ian McGrath,13/10/1961
946,Lucas May,05/06/1987
947,Kylie Howard,23/05/2002
948,Audrey Wilson,10/08/1963
949,Andrew Manning,21/11/1973
950,Blake Carr,27/02/1981
951,Eric McLean,24/12/2012
952,Peter Hughes,18/02/1998
953,Simon Rampling,03/06/1995
954,Carl Fraser,02/06/1975
955,Gordon Terry,10/03/1977
956,Una Marshall,14/12/2007
957,Wendy Bond,14/09/1990
958,Gordon Marshall,16/06/1973
959,Lillian Buckland,27/07/1984
960,Jonathan Reid,11/04/1967
961,Anthony Stewart,24/11/1973
962,Leonard Sanderson,02/11/2002
963,Alison Gill,04/06/1969
964,Alexandra Tucker,15/10/2011
965,Chloe Hamilton,29/03/1968
966,Edward Rampling,08/01/1985
967,Dorothy Forsyth,20/03/2013
968,Piers Lawrence,16/02/2008
969,Natalie Dowd,30/12/2013
970,Theresa Payne,19/07/1993
971,Adam Mathis,22/08/2005
972,Karen Dyer,07/11/2003
973,Jacob Short,09/12/2000
974,Grace Ross,21/03/2008
975,Trevor Gray,18/07/2009
976,Blake Simpson,27/06/1990
977,Donna Brown,09/10/1989
978,Harry Greene,17/09/1976
979,Steven Oliver,06/11/2011
980,Nathan Underwood,05/11/2004
981,Ryan Ball,11/08/1981
982,Caroline Greene,16/12/1982
983,Boris Fisher,13/07/1999
984,Stephen Duncan,08/04/2004
985,John Lambert,25/11/1984
986,Deirdre Kerr,21/11/2000
987,Virginia Avery,08/01/2007
988,Joan Chapman,14/03/1971
989,Leonard Reid,17/02/2002
990,Robert Bower,18/07/1980
991,Mary Hamilton,28/11/1983
992,Alison Lyman,27/12/1992
993,Thomas Gill,15/05/2002
994,Amelia Berry,06/05/1976
995,Grace Rampling,15/10/2015
996,Justin Knox,17/12/1984
997,Virginia MacDonald,27/04/1986
998,Neil Grant,06/01/1987
999,Julia Hodges,18/09/1990
1000,Steven Hart,13/08/1982